GEO_ID,NAME,P1_001N,P1_002N,P1_003N,P1_004N,P1_005N,P1_006N,P1_007N,P1_008N,P1_009N,P1_010N,P1_011N,P1_012N,P1_013N,P1_014N,P1_015N,P1_016N,P1_017N,P1_018N,P1_019N,P1_020N,P1_021N,P1_022N,P1_023N,P1_024N,P1_025N,P1_026N,P1_027N,P1_028N,P1_029N,P1_030N,P1_031N,P1_032N,P1_033N,P1_034N,P1_035N,P1_036N,P1_037N,P1_038N,P1_039N,P1_040N,P1_041N,P1_042N,P1_043N,P1_044N,P1_045N,P1_046N,P1_047N,P1_048N,P1_049N,P1_050N,P1_051N,P1_052N,P1_053N,P1_054N,P1_055N,P1_056N,P1_057N,P1_058N,P1_059N,P1_060N,P1_061N,P1_062N,P1_063N,P1_064N,P1_065N,P1_066N,P1_067N,P1_068N,P1_069N,P1_070N,P1_071N
id,Geographic Area Name, !!Total:, !!Total:!!Population of one race:, !!Total:!!Population of one race:!!White alone, !!Total:!!Population of one race:!!Black or African American alone, !!Total:!!Population of one race:!!American Indian and Alaska Native alone, !!Total:!!Population of one race:!!Asian alone, !!Total:!!Population of one race:!!Native Hawaiian and Other Pacific Islander alone, !!Total:!!Population of one race:!!Some Other Race alone, !!Total:!!Population of two or more races:, !!Total:!!Population of two or more races:!!Population of two races:, !!Total:!!Population of two or more races:!!Population of two races:!!White; Black or African American, !!Total:!!Population of two or more races:!!Population of two races:!!White; American Indian and Alaska Native, !!Total:!!Population of two or more races:!!Population of two races:!!White; Asian, !!Total:!!Population of two or more races:!!Population of two races:!!White; Native Hawaiian and Other Pacific Islander, !!Total:!!Population of two or more races:!!Population of two races:!!White; Some Other Race, !!Total:!!Population of two or more races:!!Population of two races:!!Black or African American; American Indian and Alaska Native, !!Total:!!Population of two or more races:!!Population of two races:!!Black or African American; Asian, !!Total:!!Population of two or more races:!!Population of two races:!!Black or African American; Native Hawaiian and Other Pacific Islander, !!Total:!!Population of two or more races:!!Population of two races:!!Black or African American; Some Other Race, !!Total:!!Population of two or more races:!!Population of two races:!!American Indian and Alaska Native; Asian, !!Total:!!Population of two or more races:!!Population of two races:!!American Indian and Alaska Native; Native Hawaiian and Other Pacific Islander, !!Total:!!Population of two or more races:!!Population of two races:!!American Indian and Alaska Native; Some Other Race, !!Total:!!Population of two or more races:!!Population of two races:!!Asian; Native Hawaiian and Other Pacific Islander, !!Total:!!Population of two or more races:!!Population of two races:!!Asian; Some Other Race, !!Total:!!Population of two or more races:!!Population of two races:!!Native Hawaiian and Other Pacific Islander; Some Other Race, !!Total:!!Population of two or more races:!!Population of three races:, !!Total:!!Population of two or more races:!!Population of three races:!!White; Black or African American; American Indian and Alaska Native, !!Total:!!Population of two or more races:!!Population of three races:!!White; Black or African American; Asian, !!Total:!!Population of two or more races:!!Population of three races:!!White; Black or African American; Native Hawaiian and Other Pacific Islander, !!Total:!!Population of two or more races:!!Population of three races:!!White; Black or African American; Some Other Race, !!Total:!!Population of two or more races:!!Population of three races:!!White; American Indian and Alaska Native; Asian, !!Total:!!Population of two or more races:!!Population of three races:!!White; American Indian and Alaska Native; Native Hawaiian and Other Pacific Islander, !!Total:!!Population of two or more races:!!Population of three races:!!White; American Indian and Alaska Native; Some Other Race, !!Total:!!Population of two or more races:!!Population of three races:!!White; Asian; Native Hawaiian and Other Pacific Islander, !!Total:!!Population of two or more races:!!Population of three races:!!White; Asian; Some Other Race, !!Total:!!Population of two or more races:!!Population of three races:!!White; Native Hawaiian and Other Pacific Islander; Some Other Race, !!Total:!!Population of two or more races:!!Population of three races:!!Black or African American; American Indian and Alaska Native; Asian, !!Total:!!Population of two or more races:!!Population of three races:!!Black or African American; American Indian and Alaska Native; Native Hawaiian and Other Pacific Islander, !!Total:!!Population of two or more races:!!Population of three races:!!Black or African American; American Indian and Alaska Native; Some Other Race, !!Total:!!Population of two or more races:!!Population of three races:!!Black or African American; Asian; Native Hawaiian and Other Pacific Islander, !!Total:!!Population of two or more races:!!Population of three races:!!Black or African American; Asian; Some Other Race, !!Total:!!Population of two or more races:!!Population of three races:!!Black or African American; Native Hawaiian and Other Pacific Islander; Some Other Race, !!Total:!!Population of two or more races:!!Population of three races:!!American Indian and Alaska Native; Asian; Native Hawaiian and Other Pacific Islander, !!Total:!!Population of two or more races:!!Population of three races:!!American Indian and Alaska Native; Asian; Some Other Race, !!Total:!!Population of two or more races:!!Population of three races:!!American Indian and Alaska Native; Native Hawaiian and Other Pacific Islander; Some Other Race, !!Total:!!Population of two or more races:!!Population of three races:!!Asian; Native Hawaiian and Other Pacific Islander; Some Other Race, !!Total:!!Population of two or more races:!!Population of four races:, !!Total:!!Population of two or more races:!!Population of four races:!!White; Black or African American; American Indian and Alaska Native; Asian, !!Total:!!Population of two or more races:!!Population of four races:!!White; Black or African American; American Indian and Alaska Native; Native Hawaiian and Other Pacific Islander, !!Total:!!Population of two or more races:!!Population of four races:!!White; Black or African American; American Indian and Alaska Native; Some Other Race, !!Total:!!Population of two or more races:!!Population of four races:!!White; Black or African American; Asian; Native Hawaiian and Other Pacific Islander, !!Total:!!Population of two or more races:!!Population of four races:!!White; Black or African American; Asian; Some Other Race, !!Total:!!Population of two or more races:!!Population of four races:!!White; Black or African American; Native Hawaiian and Other Pacific Islander; Some Other Race, !!Total:!!Population of two or more races:!!Population of four races:!!White; American Indian and Alaska Native; Asian; Native Hawaiian and Other Pacific Islander, !!Total:!!Population of two or more races:!!Population of four races:!!White; American Indian and Alaska Native; Asian; Some Other Race, !!Total:!!Population of two or more races:!!Population of four races:!!White; American Indian and Alaska Native; Native Hawaiian and Other Pacific Islander; Some Other Race, !!Total:!!Population of two or more races:!!Population of four races:!!White; Asian; Native Hawaiian and Other Pacific Islander; Some Other Race, !!Total:!!Population of two or more races:!!Population of four races:!!Black or African American; American Indian and Alaska Native; Asian; Native Hawaiian and Other Pacific Islander, !!Total:!!Population of two or more races:!!Population of four races:!!Black or African American; American Indian and Alaska Native; Asian; Some Other Race, !!Total:!!Population of two or more races:!!Population of four races:!!Black or African American; American Indian and Alaska Native; Native Hawaiian and Other Pacific Islander; Some Other Race, !!Total:!!Population of two or more races:!!Population of four races:!!Black or African American; Asian; Native Hawaiian and Other Pacific Islander; Some Other Race, !!Total:!!Population of two or more races:!!Population of four races:!!American Indian and Alaska Native; Asian; Native Hawaiian and Other Pacific Islander; Some Other Race, !!Total:!!Population of two or more races:!!Population of five races:, !!Total:!!Population of two or more races:!!Population of five races:!!White; Black or African American; American Indian and Alaska Native; Asian; Native Hawaiian and Other Pacific Islander, !!Total:!!Population of two or more races:!!Population of five races:!!White; Black or African American; American Indian and Alaska Native; Asian; Some Other Race, !!Total:!!Population of two or more races:!!Population of five races:!!White; Black or African American; American Indian and Alaska Native; Native Hawaiian and Other Pacific Islander; Some Other Race, !!Total:!!Population of two or more races:!!Population of five races:!!White; Black or African American; Asian; Native Hawaiian and Other Pacific Islander; Some Other Race, !!Total:!!Population of two or more races:!!Population of five races:!!White; American Indian and Alaska Native; Asian; Native Hawaiian and Other Pacific Islander; Some Other Race, !!Total:!!Population of two or more races:!!Population of five races:!!Black or African American; American Indian and Alaska Native; Asian; Native Hawaiian and Other Pacific Islander; Some Other Race, !!Total:!!Population of two or more races:!!Population of six races:, !!Total:!!Population of two or more races:!!Population of six races:!!White; Black or African American; American Indian and Alaska Native; Asian; Native Hawaiian and Other Pacific Islander; Some Other Race
1400000US08031000102,"Census Tract 1.02, Denver County, Colorado",3622,3173,2836,23,62,54,0,198,449,429,19,34,73,0,282,1,3,0,9,0,0,4,1,3,0,20,1,0,0,4,0,0,9,3,3,0,0,0,0,0,0,0,0,0,0,0,0,0,0,0,0,0,0,0,0,0,0,0,0,0,0,0,0,0,0,0,0,0,0,0,0
1400000US08031000201,"Census Tract 2.01, Denver County, Colorado",3913,3114,2148,66,121,27,2,750,799,754,25,48,27,1,618,3,0,0,4,0,1,24,2,1,0,40,0,0,1,8,2,0,26,1,0,0,0,0,2,0,0,0,0,0,0,0,5,0,0,1,0,4,0,0,0,0,0,0,0,0,0,0,0,0,0,0,0,0,0,0,0
1400000US08031000202,"Census Tract 2.02, Denver County, Colorado",4042,3328,2243,275,96,62,3,649,714,694,30,52,45,4,520,8,1,0,14,0,0,10,2,7,1,18,2,4,0,0,1,0,10,1,0,0,0,0,0,0,0,0,0,0,0,0,2,1,0,0,0,1,0,0,0,0,0,0,0,0,0,0,0,0,0,0,0,0,0,0,0
1400000US08031000301,"Census Tract 3.01, Denver County, Colorado",5779,5202,4650,46,61,113,0,332,577,539,33,70,78,3,340,1,1,0,2,1,0,6,2,2,0,33,8,0,0,4,2,0,16,1,0,0,2,0,0,0,0,0,0,0,0,0,5,1,1,3,0,0,0,0,0,0,0,0,0,0,0,0,0,0,0,0,0,0,0,0,0
1400000US08031000302,"Census Tract 3.02, Denver County, Colorado",4412,3958,3551,79,47,90,3,188,454,432,33,42,76,1,276,0,0,0,0,0,0,3,1,0,0,21,1,3,0,2,0,0,10,3,0,0,2,0,0,0,0,0,0,0,0,0,1,0,0,0,0,0,0,0,1,0,0,0,0,0,0,0,0,0,0,0,0,0,0,0,0
1400000US08031000303,"Census Tract 3.03, Denver County, Colorado",5479,4992,4549,50,57,136,4,196,487,443,25,48,85,3,270,3,1,0,0,1,0,3,0,4,0,42,3,0,0,3,2,0,28,2,1,1,2,0,0,0,0,0,0,0,0,0,2,1,0,0,0,0,0,0,1,0,0,0,0,0,0,0,0,0,0,0,0,0,0,0,0
1400000US08031000401,"Census Tract 4.01, Denver County, Colorado",3174,2764,2267,60,46,54,3,334,410,389,19,28,46,1,279,0,6,0,0,2,0,6,0,2,0,21,1,2,0,1,0,0,12,3,2,0,0,0,0,0,0,0,0,0,0,0,0,0,0,0,0,0,0,0,0,0,0,0,0,0,0,0,0,0,0,0,0,0,0,0,0
1400000US08031000403,"Census Tract 4.03, Denver County, Colorado",3682,3243,2833,57,42,70,1,240,439,406,21,41,39,0,291,4,0,0,2,0,0,8,0,0,0,31,5,0,0,3,0,0,21,0,0,0,0,0,2,0,0,0,0,0,0,0,2,1,1,0,0,0,0,0,0,0,0,0,0,0,0,0,0,0,0,0,0,0,0,0,0
1400000US08031000404,"Census Tract 4.04, Denver County, Colorado",2956,2640,2358,89,19,73,1,100,316,294,25,40,59,3,161,3,0,0,3,0,0,0,0,0,0,22,6,2,0,7,0,0,6,1,0,0,0,0,0,0,0,0,0,0,0,0,0,0,0,0,0,0,0,0,0,0,0,0,0,0,0,0,0,0,0,0,0,0,0,0,0
1400000US08031000501,"Census Tract 5.01, Denver County, Colorado",2014,1818,1627,26,32,38,1,94,196,185,8,25,23,1,124,0,1,0,2,0,0,0,0,0,1,11,2,0,1,1,0,0,6,1,0,0,0,0,0,0,0,0,0,0,0,0,0,0,0,0,0,0,0,0,0,0,0,0,0,0,0,0,0,0,0,0,0,0,0,0,0
1400000US08031000503,"Census Tract 5.03, Denver County, Colorado",2269,1958,1433,99,72,125,0,229,311,286,6,21,24,2,225,1,0,0,0,1,0,6,0,0,0,24,0,0,0,1,2,0,18,1,0,2,0,0,0,0,0,0,0,0,0,0,0,0,0,0,0,0,0,0,0,0,0,0,0,0,0,0,1,1,0,0,0,0,0,0,0
1400000US08031000504,"Census Tract 5.04, Denver County, Colorado",3648,3189,2752,80,45,97,1,214,459,439,43,62,55,3,266,4,0,0,4,0,0,2,0,0,0,20,3,0,0,5,0,0,8,0,3,0,0,1,0,0,0,0,0,0,0,0,0,0,0,0,0,0,0,0,0,0,0,0,0,0,0,0,0,0,0,0,0,0,0,0,0
1400000US08031000600,"Census Tract 6, Denver County, Colorado",4742,4237,3613,101,47,154,6,316,505,474,17,61,73,3,291,10,7,0,3,0,0,6,1,1,1,26,4,3,0,10,0,0,5,3,0,0,0,0,0,0,0,0,0,0,0,1,5,2,0,2,0,1,0,0,0,0,0,0,0,0,0,0,0,0,0,0,0,0,0,0,0
1400000US08031000703,"Census Tract 7.03, Denver County, Colorado",2603,2278,1749,117,38,49,6,319,325,299,24,28,19,3,199,6,3,0,3,0,0,11,3,0,0,20,8,0,0,0,0,0,9,0,2,0,0,0,1,0,0,0,0,0,0,0,6,0,0,5,0,0,0,0,0,0,0,0,0,0,0,1,0,0,0,0,0,0,0,0,0
1400000US08031000704,"Census Tract 7.04, Denver County, Colorado",2715,2297,1671,127,93,59,3,344,418,397,17,26,29,0,298,5,3,1,4,0,0,12,0,2,0,21,3,0,0,4,1,0,12,0,1,0,0,0,0,0,0,0,0,0,0,0,0,0,0,0,0,0,0,0,0,0,0,0,0,0,0,0,0,0,0,0,0,0,0,0,0
1400000US08031000705,"Census Tract 7.05, Denver County, Colorado",3134,2570,1762,327,94,76,4,307,564,537,35,41,27,1,413,3,2,0,9,0,0,2,0,4,0,27,13,4,0,0,0,0,8,1,0,0,0,1,0,0,0,0,0,0,0,0,0,0,0,0,0,0,0,0,0,0,0,0,0,0,0,0,0,0,0,0,0,0,0,0,0
1400000US08031000706,"Census Tract 7.06, Denver County, Colorado",2872,2428,1513,230,94,121,11,459,444,418,44,39,38,9,266,4,0,0,2,1,0,13,2,0,0,21,2,2,0,3,0,0,8,2,3,0,0,0,0,0,1,0,0,0,0,0,5,2,0,2,0,1,0,0,0,0,0,0,0,0,0,0,0,0,0,0,0,0,0,0,0
1400000US08031000800,"Census Tract 8, Denver County, Colorado",1127,917,277,361,66,41,8,164,210,180,21,16,1,0,120,7,1,1,8,3,1,1,0,0,0,27,10,2,1,2,0,0,7,0,3,1,0,0,1,0,0,0,0,0,0,0,3,1,1,0,0,0,0,0,1,0,0,0,0,0,0,0,0,0,0,0,0,0,0,0,0
1400000US08031000902,"Census Tract 9.02, Denver County, Colorado",5345,4061,2137,84,175,92,10,1563,1284,1229,21,100,13,4,1018,3,1,0,11,3,0,43,2,10,0,48,8,0,0,8,1,1,27,0,1,2,0,0,0,0,0,0,0,0,0,0,7,0,0,5,0,2,0,0,0,0,0,0,0,0,0,0,0,0,0,0,0,0,0,0,0
1400000US08031000903,"Census Tract 9.03, Denver County, Colorado",5780,4365,2280,97,200,74,1,1713,1415,1306,49,66,23,2,1094,8,0,0,8,0,0,47,1,7,1,109,8,0,0,3,0,0,97,0,0,0,0,0,1,0,0,0,0,0,0,0,0,0,0,0,0,0,0,0,0,0,0,0,0,0,0,0,0,0,0,0,0,0,0,0,0
1400000US08031000904,"Census Tract 9.04, Denver County, Colorado",4711,3738,1811,209,197,58,2,1461,973,923,16,89,22,0,730,19,0,0,14,0,0,28,3,2,0,47,1,2,1,0,2,0,38,0,1,0,0,0,2,0,0,0,0,0,0,0,3,1,0,0,0,2,0,0,0,0,0,0,0,0,0,0,0,0,0,0,0,0,0,0,0
1400000US08031000905,"Census Tract 9.05, Denver County, Colorado",3269,2572,1484,54,135,23,0,876,697,656,19,30,13,0,568,1,0,0,0,1,0,19,2,3,0,39,0,2,1,8,0,1,17,0,6,1,0,0,3,0,0,0,0,0,0,0,2,0,0,0,0,1,0,0,1,0,0,0,0,0,0,0,0,0,0,0,0,0,0,0,0
1400000US08031001000,"Census Tract 10, Denver County, Colorado",3683,2735,1255,173,139,93,3,1072,948,878,14,46,17,5,739,16,1,0,13,0,0,24,0,3,0,67,11,0,0,5,4,0,38,6,2,0,0,0,1,0,0,0,0,0,0,0,2,0,0,1,0,1,0,0,0,0,0,0,0,0,0,0,1,0,1,0,0,0,0,0,0
1400000US08031001101,"Census Tract 11.01, Denver County, Colorado",2743,2314,1561,176,65,49,4,459,429,393,20,34,21,0,277,10,3,1,6,0,0,18,3,0,0,36,9,2,0,0,0,0,21,2,2,0,0,0,0,0,0,0,0,0,0,0,0,0,0,0,0,0,0,0,0,0,0,0,0,0,0,0,0,0,0,0,0,0,0,0,0
1400000US08031001102,"Census Tract 11.02, Denver County, Colorado",5274,4747,4155,103,36,178,3,272,527,501,32,64,90,3,290,4,0,0,3,0,0,7,5,3,0,22,3,4,0,1,1,0,6,1,6,0,0,0,0,0,0,0,0,0,0,0,4,0,0,2,0,0,1,0,1,0,0,0,0,0,0,0,0,0,0,0,0,0,0,0,0
1400000US08031001301,"Census Tract 13.01, Denver County, Colorado",4834,3613,1833,74,150,275,12,1269,1221,1179,39,89,34,0,981,8,4,0,7,0,0,14,0,3,0,36,4,0,0,2,0,0,23,4,3,0,0,0,0,0,0,0,0,0,0,0,6,0,0,4,0,0,0,0,0,0,2,0,0,0,0,0,0,0,0,0,0,0,0,0,0
1400000US08031001302,"Census Tract 13.02, Denver County, Colorado",3759,2970,1561,58,179,72,5,1095,789,758,11,41,21,3,642,8,3,0,16,0,0,13,0,0,0,31,6,0,0,1,0,0,21,0,3,0,0,0,0,0,0,0,0,0,0,0,0,0,0,0,0,0,0,0,0,0,0,0,0,0,0,0,0,0,0,0,0,0,0,0,0
1400000US08031001401,"Census Tract 14.01, Denver County, Colorado",5935,4792,2326,214,186,389,0,1677,1143,1095,20,70,22,3,930,3,4,0,9,0,0,30,1,2,1,45,11,0,0,2,1,1,26,1,2,0,0,1,0,0,0,0,0,0,0,0,3,0,0,3,0,0,0,0,0,0,0,0,0,0,0,0,0,0,0,0,0,0,0,0,0
1400000US08031001402,"Census Tract 14.02, Denver County, Colorado",4048,3175,1531,187,152,225,1,1079,873,839,36,54,5,2,700,11,0,0,8,0,0,20,1,0,2,32,3,1,1,0,0,1,14,2,5,1,4,0,0,0,0,0,0,0,0,0,1,0,0,0,0,0,0,0,1,0,0,0,0,0,0,0,1,0,0,0,0,1,0,0,0
1400000US08031001403,"Census Tract 14.03, Denver County, Colorado",3374,2924,2398,128,43,81,4,270,450,419,26,47,40,2,274,5,2,4,8,4,0,6,0,1,0,25,5,5,0,5,0,0,7,0,3,0,0,0,0,0,0,0,0,0,0,0,5,3,0,2,0,0,0,0,0,0,0,0,0,0,0,0,0,0,0,0,0,0,0,1,1
1400000US08031001500,"Census Tract 15, Denver County, Colorado",4580,3897,2251,420,150,54,3,1019,683,634,28,47,15,0,478,17,4,0,22,1,0,22,0,0,0,46,7,1,0,5,0,0,22,1,6,2,0,0,0,0,0,0,0,2,0,0,3,0,0,2,0,0,0,0,1,0,0,0,0,0,0,0,0,0,0,0,0,0,0,0,0
1400000US08031001601,"Census Tract 16.01, Denver County, Colorado",2995,2711,2132,240,22,90,0,227,284,262,29,21,42,2,136,11,8,0,9,0,0,3,1,0,0,18,6,0,0,1,7,0,1,3,0,0,0,0,0,0,0,0,0,0,0,0,3,0,0,3,0,0,0,0,0,0,0,0,0,0,0,0,1,1,0,0,0,0,0,0,0
1400000US08031001602,"Census Tract 16.02, Denver County, Colorado",5167,4724,4152,172,29,191,2,178,443,418,58,58,92,13,179,1,0,1,6,3,0,3,0,3,1,23,5,4,0,1,3,0,5,4,1,0,0,0,0,0,0,0,0,0,0,0,2,0,0,1,0,0,0,0,1,0,0,0,0,0,0,0,0,0,0,0,0,0,0,0,0
1400000US08031001603,"Census Tract 16.03, Denver County, Colorado",6613,5972,4772,629,115,140,19,297,641,609,85,77,80,4,299,36,6,0,5,1,0,10,4,2,0,29,7,0,0,4,3,0,9,0,0,0,0,0,3,2,0,0,0,0,0,1,3,1,0,1,0,1,0,0,0,0,0,0,0,0,0,0,0,0,0,0,0,0,0,0,0
1400000US08031001703,"Census Tract 17.03, Denver County, Colorado",3487,3231,2988,53,17,109,3,61,256,240,17,30,44,0,143,0,0,0,1,1,0,0,2,2,0,13,2,1,0,2,1,0,6,0,0,0,0,1,0,0,0,0,0,0,0,0,3,0,0,3,0,0,0,0,0,0,0,0,0,0,0,0,0,0,0,0,0,0,0,0,0
1400000US08031001704,"Census Tract 17.04, Denver County, Colorado",2383,2145,1727,98,21,237,1,61,238,218,30,26,36,2,112,0,0,1,5,0,0,6,0,0,0,16,1,4,0,0,0,0,5,1,2,0,0,0,2,0,1,0,0,0,0,0,3,1,0,1,0,0,1,0,0,0,0,0,0,0,0,0,1,1,0,0,0,0,0,0,0
1400000US08031001705,"Census Tract 17.05, Denver County, Colorado",4401,4038,3544,95,17,211,3,168,363,339,31,32,85,3,176,2,5,0,1,0,0,1,1,2,0,24,3,2,0,0,3,0,9,1,2,2,0,0,2,0,0,0,0,0,0,0,0,0,0,0,0,0,0,0,0,0,0,0,0,0,0,0,0,0,0,0,0,0,0,0,0
1400000US08031001706,"Census Tract 17.06, Denver County, Colorado",2449,2205,1789,176,35,114,6,85,244,223,20,25,50,5,113,7,2,1,0,0,0,0,0,0,0,21,5,0,1,4,1,0,7,3,0,0,0,0,0,0,0,0,0,0,0,0,0,0,0,0,0,0,0,0,0,0,0,0,0,0,0,0,0,0,0,0,0,0,0,0,0
1400000US08031001707,"Census Tract 17.07, Denver County, Colorado",2478,2252,1886,110,15,144,0,97,226,210,19,24,45,0,105,5,2,0,4,1,0,5,0,0,0,15,7,0,0,2,0,0,4,0,0,0,0,0,2,0,0,0,0,0,0,0,1,0,0,1,0,0,0,0,0,0,0,0,0,0,0,0,0,0,0,0,0,0,0,0,0
1400000US08031001800,"Census Tract 18, Denver County, Colorado",3306,2863,2111,201,77,112,2,360,443,418,39,40,32,3,276,9,0,0,4,0,0,8,1,6,0,24,0,2,0,2,0,0,16,3,1,0,0,0,0,0,0,0,0,0,0,0,1,0,0,0,0,0,0,0,1,0,0,0,0,0,0,0,0,0,0,0,0,0,0,0,0
1400000US08031001901,"Census Tract 19.01, Denver County, Colorado",3903,3318,1904,607,101,125,9,572,585,544,48,46,61,2,317,28,3,0,14,2,0,16,2,5,0,35,11,0,0,7,0,0,10,1,0,0,6,0,0,0,0,0,0,0,0,0,6,3,0,3,0,0,0,0,0,0,0,0,0,0,0,0,0,0,0,0,0,0,0,0,0
1400000US08031002000,"Census Tract 20, Denver County, Colorado",4053,3758,3014,424,44,150,4,122,295,281,30,30,52,2,145,1,2,0,8,0,0,5,6,0,0,9,1,0,0,2,0,0,0,2,4,0,0,0,0,0,0,0,0,0,0,0,5,0,0,5,0,0,0,0,0,0,0,0,0,0,0,0,0,0,0,0,0,0,0,0,0
1400000US08031002101,"Census Tract 21.01, Denver County, Colorado",3078,2702,2208,91,54,70,5,274,376,341,38,47,38,6,187,3,1,1,9,0,0,5,2,4,0,28,1,3,0,1,0,0,20,1,2,0,0,0,0,0,0,0,0,0,0,0,7,2,0,3,0,0,0,0,2,0,0,0,0,0,0,0,0,0,0,0,0,0,0,0,0
1400000US08031002102,"Census Tract 21.02, Denver County, Colorado",3114,2832,2368,171,32,105,2,154,282,271,17,30,60,1,146,1,6,0,6,0,0,1,3,0,0,10,4,0,0,6,0,0,0,0,0,0,0,0,0,0,0,0,0,0,0,0,1,0,0,1,0,0,0,0,0,0,0,0,0,0,0,0,0,0,0,0,0,0,0,0,0
1400000US08031002300,"Census Tract 23, Denver County, Colorado",4975,4453,2987,941,40,79,1,405,522,474,62,65,61,9,216,25,13,0,13,2,0,8,0,0,0,42,16,5,0,5,1,0,9,1,3,1,0,1,0,0,0,0,0,0,0,0,6,0,0,5,0,1,0,0,0,0,0,0,0,0,0,0,0,0,0,0,0,0,0,0,0
1400000US08031002402,"Census Tract 24.02, Denver County, Colorado",1971,1745,1254,280,14,47,3,147,226,216,32,16,31,0,113,8,4,0,7,0,0,4,0,0,1,8,1,0,0,0,1,2,3,1,0,0,0,0,0,0,0,0,0,0,0,0,2,1,0,1,0,0,0,0,0,0,0,0,0,0,0,0,0,0,0,0,0,0,0,0,0
1400000US08031002404,"Census Tract 24.04, Denver County, Colorado",1415,1254,864,207,17,48,2,116,161,143,17,9,18,0,80,1,1,0,10,0,0,6,0,1,0,18,3,1,0,3,2,0,8,0,1,0,0,0,0,0,0,0,0,0,0,0,0,0,0,0,0,0,0,0,0,0,0,0,0,0,0,0,0,0,0,0,0,0,0,0,0
1400000US08031002405,"Census Tract 24.05, Denver County, Colorado",4526,4001,2697,839,63,139,3,260,525,460,63,58,44,3,230,31,5,1,9,2,0,9,0,5,0,58,22,3,0,11,0,0,19,3,0,0,0,0,0,0,0,0,0,0,0,0,7,0,1,5,0,0,0,0,1,0,0,0,0,0,0,0,0,0,0,0,0,0,0,0,0
1400000US08031002602,"Census Tract 26.02, Denver County, Colorado",2835,2591,2187,194,30,84,4,92,244,229,16,36,37,0,121,4,0,0,12,0,0,2,1,0,0,13,0,2,0,0,0,0,6,2,2,0,0,0,0,0,1,0,0,0,0,0,2,0,1,1,0,0,0,0,0,0,0,0,0,0,0,0,0,0,0,0,0,0,0,0,0
1400000US08031002603,"Census Tract 26.03, Denver County, Colorado",3250,2919,2499,169,33,117,0,101,331,305,40,44,56,5,144,1,2,0,0,0,0,9,4,0,0,26,4,6,0,2,0,0,7,6,0,0,0,0,1,0,0,0,0,0,0,0,0,0,0,0,0,0,0,0,0,0,0,0,0,0,0,0,0,0,0,0,0,0,0,0,0
1400000US08031002604,"Census Tract 26.04, Denver County, Colorado",2097,1878,1393,245,29,98,7,106,219,205,27,21,22,5,110,9,2,0,4,0,0,0,3,2,0,10,3,2,0,1,1,0,0,1,0,0,0,0,0,0,0,0,0,2,0,0,4,1,0,1,0,2,0,0,0,0,0,0,0,0,0,0,0,0,0,0,0,0,0,0,0
1400000US08031002704,"Census Tract 27.04, Denver County, Colorado",2423,2150,1805,136,44,67,0,98,273,250,18,41,29,1,134,7,6,0,8,0,1,4,0,1,0,19,1,1,1,1,1,0,9,0,2,0,0,0,3,0,0,0,0,0,0,0,4,0,0,1,1,2,0,0,0,0,0,0,0,0,0,0,0,0,0,0,0,0,0,0,0
1400000US08031002705,"Census Tract 27.05, Denver County, Colorado",2675,2427,2111,129,13,67,1,106,248,226,19,34,25,1,138,1,0,0,6,2,0,0,0,0,0,18,7,0,0,0,4,0,5,0,2,0,0,0,0,0,0,0,0,0,0,0,4,0,2,1,0,0,0,0,0,0,1,0,0,0,0,0,0,0,0,0,0,0,0,0,0
1400000US08031002706,"Census Tract 27.06, Denver County, Colorado",3286,2999,2637,115,28,131,0,88,287,250,30,27,47,1,141,2,0,0,0,0,0,1,0,1,0,37,6,6,0,7,2,0,8,4,2,0,0,0,1,0,1,0,0,0,0,0,0,0,0,0,0,0,0,0,0,0,0,0,0,0,0,0,0,0,0,0,0,0,0,0,0
1400000US08031002707,"Census Tract 27.07, Denver County, Colorado",2996,2744,2472,78,17,69,2,106,252,227,26,26,45,4,117,0,2,0,0,2,0,4,0,1,0,25,3,3,0,1,0,0,16,1,0,0,1,0,0,0,0,0,0,0,0,0,0,0,0,0,0,0,0,0,0,0,0,0,0,0,0,0,0,0,0,0,0,0,0,0,0
1400000US08031002708,"Census Tract 27.08, Denver County, Colorado",3011,2717,2325,143,40,72,9,128,294,280,22,46,52,0,135,1,4,4,5,0,0,5,6,0,0,12,3,0,0,1,0,0,7,0,1,0,0,0,0,0,0,0,0,0,0,0,2,0,0,2,0,0,0,0,0,0,0,0,0,0,0,0,0,0,0,0,0,0,0,0,0
1400000US08031002709,"Census Tract 27.09, Denver County, Colorado",2284,2063,1836,94,14,47,0,72,221,205,23,33,39,4,95,8,0,1,1,0,0,1,0,0,0,12,3,1,0,0,0,0,6,0,1,0,0,0,1,0,0,0,0,0,0,0,3,1,0,0,0,0,0,2,0,0,0,0,0,0,0,0,1,0,0,1,0,0,0,0,0
1400000US08031002801,"Census Tract 28.01, Denver County, Colorado",3217,2927,2644,74,21,90,6,92,290,276,28,42,42,2,148,0,3,3,3,0,0,5,0,0,0,12,2,1,0,1,0,0,3,3,1,0,0,0,0,0,0,0,0,1,0,0,2,0,0,1,0,0,0,0,1,0,0,0,0,0,0,0,0,0,0,0,0,0,0,0,0
1400000US08031002802,"Census Tract 28.02, Denver County, Colorado",4708,4256,3762,134,45,134,0,181,452,429,40,66,68,0,233,2,3,0,6,0,0,4,4,3,0,23,2,3,0,4,0,0,8,1,5,0,0,0,0,0,0,0,0,0,0,0,0,0,0,0,0,0,0,0,0,0,0,0,0,0,0,0,0,0,0,0,0,0,0,0,0
1400000US08031002804,"Census Tract 28.04, Denver County, Colorado",2209,2053,1889,37,21,62,2,42,156,145,11,16,19,1,87,3,1,0,1,0,0,4,2,0,0,9,2,0,0,0,1,0,0,6,0,0,0,0,0,0,0,0,0,0,0,0,2,1,0,0,0,0,0,0,1,0,0,0,0,0,0,0,0,0,0,0,0,0,0,0,0
1400000US08031002805,"Census Tract 28.05, Denver County, Colorado",3784,3457,3189,88,16,109,7,48,327,308,26,53,76,1,142,5,0,0,0,0,0,4,0,1,0,18,0,2,0,2,0,0,12,2,0,0,0,0,0,0,0,0,0,0,0,0,1,0,0,1,0,0,0,0,0,0,0,0,0,0,0,0,0,0,0,0,0,0,0,0,0
1400000US08031002901,"Census Tract 29.01, Denver County, Colorado",3839,3544,3265,66,19,94,7,93,295,277,16,41,75,1,135,0,2,0,4,0,0,2,1,0,0,17,0,0,0,4,3,0,5,4,0,0,0,0,1,0,0,0,0,0,0,0,1,0,0,0,0,0,0,0,1,0,0,0,0,0,0,0,0,0,0,0,0,0,0,0,0
1400000US08031002902,"Census Tract 29.02, Denver County, Colorado",4211,3907,3719,25,12,82,0,69,304,282,12,43,55,5,151,5,0,0,4,0,1,1,0,5,0,18,4,0,0,4,0,0,5,3,0,0,0,0,2,0,0,0,0,0,0,0,4,1,0,3,0,0,0,0,0,0,0,0,0,0,0,0,0,0,0,0,0,0,0,0,0
1400000US08031003002,"Census Tract 30.02, Denver County, Colorado",2749,2492,2317,31,24,59,0,61,257,245,21,46,49,0,117,1,3,0,4,0,0,4,0,0,0,10,3,0,0,4,1,0,1,0,0,0,0,0,1,0,0,0,0,0,0,0,2,0,0,1,0,0,0,0,1,0,0,0,0,0,0,0,0,0,0,0,0,0,0,0,0
1400000US08031003003,"Census Tract 30.03, Denver County, Colorado",3188,2901,2539,97,12,174,1,78,287,258,36,28,64,2,113,4,1,1,1,0,0,3,5,0,0,22,12,2,0,5,1,0,2,0,0,0,0,0,0,0,0,0,0,0,0,0,7,6,0,0,0,0,0,0,1,0,0,0,0,0,0,0,0,0,0,0,0,0,0,0,0
1400000US08031003004,"Census Tract 30.04, Denver County, Colorado",6308,5745,5082,174,21,332,0,136,563,521,65,51,106,0,275,0,8,1,0,1,0,0,7,7,0,37,3,17,0,6,0,0,10,0,1,0,0,0,0,0,0,0,0,0,0,0,5,1,0,0,0,3,0,0,1,0,0,0,0,0,0,0,0,0,0,0,0,0,0,0,0
1400000US08031003005,"Census Tract 30.05, Denver County, Colorado",3144,2876,2684,51,21,61,0,59,268,238,9,36,59,0,124,2,2,0,3,0,0,1,2,0,0,30,8,5,0,4,0,0,7,4,0,2,0,0,0,0,0,0,0,0,0,0,0,0,0,0,0,0,0,0,0,0,0,0,0,0,0,0,0,0,0,0,0,0,0,0,0
1400000US08031003006,"Census Tract 30.06, Denver County, Colorado",3644,3317,3150,20,6,91,0,50,327,311,24,56,58,0,160,0,6,1,0,0,0,0,3,3,0,14,0,0,0,3,0,0,8,3,0,0,0,0,0,0,0,0,0,0,0,0,2,0,0,1,0,1,0,0,0,0,0,0,0,0,0,0,0,0,0,0,0,0,0,0,0
1400000US08031003101,"Census Tract 31.01, Denver County, Colorado",1701,1515,1182,219,14,48,3,49,186,161,24,18,25,2,77,3,3,0,9,0,0,0,0,0,0,22,11,0,0,4,1,0,3,3,0,0,0,0,0,0,0,0,0,0,0,0,2,0,0,2,0,0,0,0,0,0,0,0,0,0,0,0,1,1,0,0,0,0,0,0,0
1400000US08031003102,"Census Tract 31.02, Denver County, Colorado",4082,3691,2918,463,54,105,1,150,391,351,45,51,46,2,184,10,2,0,1,1,0,7,1,1,0,40,5,3,0,7,3,0,11,2,3,0,2,0,0,0,0,0,0,4,0,0,0,0,0,0,0,0,0,0,0,0,0,0,0,0,0,0,0,0,0,0,0,0,0,0,0
1400000US08031003202,"Census Tract 32.02, Denver County, Colorado",3429,3162,2847,127,10,89,0,89,267,254,30,45,39,1,126,1,1,0,3,0,0,6,0,2,0,12,0,0,0,1,0,0,8,3,0,0,0,0,0,0,0,0,0,0,0,0,1,0,0,1,0,0,0,0,0,0,0,0,0,0,0,0,0,0,0,0,0,0,0,0,0
1400000US08031003203,"Census Tract 32.03, Denver County, Colorado",3100,2911,2799,20,5,54,2,31,189,175,14,10,40,0,108,0,1,1,0,0,0,0,1,0,0,14,1,3,0,4,2,0,0,1,1,2,0,0,0,0,0,0,0,0,0,0,0,0,0,0,0,0,0,0,0,0,0,0,0,0,0,0,0,0,0,0,0,0,0,0,0
1400000US08031003204,"Census Tract 32.04, Denver County, Colorado",2159,1953,1685,121,17,65,3,62,206,192,30,28,27,1,86,3,2,0,2,0,0,4,6,3,0,7,2,0,0,0,0,0,0,3,0,2,0,0,0,0,0,0,0,0,0,0,7,3,0,3,1,0,0,0,0,0,0,0,0,0,0,0,0,0,0,0,0,0,0,0,0
1400000US08031003205,"Census Tract 32.05, Denver County, Colorado",3196,2941,2717,64,15,59,4,82,255,229,20,48,36,2,117,0,0,0,2,0,0,0,2,2,0,19,3,1,0,1,3,0,4,4,2,0,0,0,1,0,0,0,0,0,0,0,7,0,0,6,0,1,0,0,0,0,0,0,0,0,0,0,0,0,0,0,0,0,0,0,0
1400000US08031003300,"Census Tract 33, Denver County, Colorado",3329,3051,2885,39,13,80,0,34,278,269,25,33,48,0,144,0,9,0,5,0,0,1,2,2,0,8,0,2,0,0,0,0,4,0,0,1,1,0,0,0,0,0,0,0,0,0,1,1,0,0,0,0,0,0,0,0,0,0,0,0,0,0,0,0,0,0,0,0,0,0,0
1400000US08031003401,"Census Tract 34.01, Denver County, Colorado",2998,2808,2708,16,6,52,0,26,190,174,15,21,50,0,82,0,6,0,0,0,0,0,0,0,0,15,3,0,0,0,3,1,0,1,6,0,0,0,1,0,0,0,0,0,0,0,1,0,0,1,0,0,0,0,0,0,0,0,0,0,0,0,0,0,0,0,0,0,0,0,0
1400000US08031003402,"Census Tract 34.02, Denver County, Colorado",4860,4483,4266,22,10,127,2,56,377,355,14,54,97,4,174,4,1,0,2,0,0,3,0,2,0,19,3,0,1,0,0,0,8,3,2,1,0,0,0,0,0,0,1,0,0,0,2,0,0,1,0,0,0,1,0,0,0,0,0,0,0,0,1,1,0,0,0,0,0,0,0
1400000US08031003501,"Census Tract 35.01, Denver County, Colorado",3238,2565,940,378,132,11,3,1101,673,646,19,23,6,0,564,1,9,0,19,0,0,3,2,0,0,24,4,1,0,4,3,0,12,0,0,0,0,0,0,0,0,0,0,0,0,0,3,0,1,1,0,1,0,0,0,0,0,0,0,0,0,0,0,0,0,0,0,0,0,0,0
1400000US08031003502,"Census Tract 35.02, Denver County, Colorado",2727,2213,965,83,106,7,3,1049,514,499,11,36,2,1,422,5,2,0,3,2,0,13,2,0,0,15,0,0,0,0,0,0,11,3,0,0,0,0,1,0,0,0,0,0,0,0,0,0,0,0,0,0,0,0,0,0,0,0,0,0,0,0,0,0,0,0,0,0,0,0,0
1400000US08031003601,"Census Tract 36.01, Denver County, Colorado",4236,3610,2137,469,85,54,8,857,626,582,47,45,40,10,401,9,4,0,17,0,0,8,1,0,0,37,10,3,0,4,0,0,16,2,0,1,0,1,0,0,0,0,0,0,0,0,5,0,0,4,0,1,0,0,0,0,0,0,0,0,0,0,2,0,2,0,0,0,0,0,0
1400000US08031003602,"Census Tract 36.02, Denver County, Colorado",4337,3627,1716,907,104,63,5,832,710,646,57,30,35,0,447,37,4,0,18,0,0,17,0,1,0,60,25,2,0,14,0,0,14,1,0,0,0,0,0,4,0,0,0,0,0,0,1,1,0,0,0,0,0,0,0,0,0,0,0,0,0,0,3,3,0,0,0,0,0,0,0
1400000US08031003603,"Census Tract 36.03, Denver County, Colorado",3583,3191,1925,943,35,68,7,213,392,346,47,24,58,5,176,19,1,3,8,1,0,4,0,0,0,38,20,4,0,2,1,0,9,2,0,0,0,0,0,0,0,0,0,0,0,0,7,4,0,2,0,0,0,0,1,0,0,0,0,0,0,0,1,1,0,0,0,0,0,0,0
1400000US08031003701,"Census Tract 37.01, Denver County, Colorado",3746,3437,2902,278,35,85,3,134,309,287,18,34,43,4,160,12,1,0,11,0,0,4,0,0,0,20,9,0,0,3,1,0,7,0,0,0,0,0,0,0,0,0,0,0,0,0,1,0,0,1,0,0,0,0,0,0,0,0,0,0,0,0,1,1,0,0,0,0,0,0,0
1400000US08031003702,"Census Tract 37.02, Denver County, Colorado",4759,4278,3771,207,27,124,5,144,481,443,51,71,74,8,219,4,3,2,3,0,0,6,2,0,0,38,5,4,0,3,5,0,14,4,3,0,0,0,0,0,0,0,0,0,0,0,0,0,0,0,0,0,0,0,0,0,0,0,0,0,0,0,0,0,0,0,0,0,0,0,0
1400000US08031003703,"Census Tract 37.03, Denver County, Colorado",3276,2918,2584,108,15,115,6,90,358,343,41,43,70,1,167,5,4,2,5,0,0,2,2,1,0,13,1,2,0,1,0,0,9,0,0,0,0,0,0,0,0,0,0,0,0,0,2,0,0,0,2,0,0,0,0,0,0,0,0,0,0,0,0,0,0,0,0,0,0,0,0
1400000US08031003801,"Census Tract 38.01, Denver County, Colorado",3666,3424,3137,59,10,137,0,81,242,229,11,26,42,1,139,3,0,0,6,0,0,1,0,0,0,12,5,0,0,4,0,0,0,3,0,0,0,0,0,0,0,0,0,0,0,0,1,0,0,0,0,0,0,0,0,0,1,0,0,0,0,0,0,0,0,0,0,0,0,0,0
1400000US08031003802,"Census Tract 38.02, Denver County, Colorado",3970,3656,3326,105,11,152,1,61,314,296,31,30,34,2,187,5,5,0,0,0,1,0,1,0,0,17,2,3,0,0,0,0,8,0,1,0,0,0,1,0,2,0,0,0,0,0,1,0,0,0,0,0,0,1,0,0,0,0,0,0,0,0,0,0,0,0,0,0,0,0,0
1400000US08031003901,"Census Tract 39.01, Denver County, Colorado",5266,4894,4566,59,7,176,0,86,372,339,26,34,55,3,211,1,4,1,0,1,0,1,1,1,0,31,10,1,0,8,0,0,8,4,0,0,0,0,0,0,0,0,0,0,0,0,2,0,0,2,0,0,0,0,0,0,0,0,0,0,0,0,0,0,0,0,0,0,0,0,0
1400000US08031003902,"Census Tract 39.02, Denver County, Colorado",4606,4160,3851,33,10,145,10,111,446,423,35,45,98,1,234,0,0,0,4,0,0,0,5,1,0,22,1,6,0,2,1,1,6,1,2,0,1,0,1,0,0,0,0,0,0,0,1,1,0,0,0,0,0,0,0,0,0,0,0,0,0,0,0,0,0,0,0,0,0,0,0
1400000US08031004002,"Census Tract 40.02, Denver County, Colorado",3448,3218,3047,26,11,89,1,44,230,220,10,29,48,1,125,1,4,0,1,0,1,0,0,0,0,10,0,1,0,0,0,0,4,4,1,0,0,0,0,0,0,0,0,0,0,0,0,0,0,0,0,0,0,0,0,0,0,0,0,0,0,0,0,0,0,0,0,0,0,0,0
1400000US08031004003,"Census Tract 40.03, Denver County, Colorado",4408,3983,3562,115,30,125,5,146,425,397,29,54,79,0,221,2,1,0,4,0,0,4,3,0,0,28,3,0,0,4,0,0,16,5,0,0,0,0,0,0,0,0,0,0,0,0,0,0,0,0,0,0,0,0,0,0,0,0,0,0,0,0,0,0,0,0,0,0,0,0,0
1400000US08031004004,"Census Tract 40.04, Denver County, Colorado",1968,1791,1605,63,13,61,0,49,177,154,14,37,16,4,77,0,2,0,3,0,0,0,0,1,0,21,1,0,0,7,1,0,5,1,6,0,0,0,0,0,0,0,0,0,0,0,1,0,0,0,0,1,0,0,0,0,0,0,0,0,0,0,1,1,0,0,0,0,0,0,0
1400000US08031004005,"Census Tract 40.05, Denver County, Colorado",3751,3440,2915,111,43,223,9,139,311,291,26,48,46,2,156,0,3,0,3,2,0,5,0,0,0,20,3,3,0,4,3,0,3,4,0,0,0,0,0,0,0,0,0,0,0,0,0,0,0,0,0,0,0,0,0,0,0,0,0,0,0,0,0,0,0,0,0,0,0,0,0
1400000US08031004006,"Census Tract 40.06, Denver County, Colorado",5373,4952,4399,102,12,375,0,64,421,390,20,45,83,7,223,6,1,0,0,0,0,4,1,0,0,30,3,0,0,9,2,2,6,6,1,1,0,0,0,0,0,0,0,0,0,0,1,0,1,0,0,0,0,0,0,0,0,0,0,0,0,0,0,0,0,0,0,0,0,0,0
1400000US08031004101,"Census Tract 41.01, Denver County, Colorado",4802,4227,1643,1781,84,75,6,638,575,535,92,27,31,3,311,27,3,3,29,2,0,7,0,0,0,34,18,4,0,3,1,0,6,0,0,0,0,0,0,0,2,0,0,0,0,0,6,1,0,5,0,0,0,0,0,0,0,0,0,0,0,0,0,0,0,0,0,0,0,0,0
1400000US08031004102,"Census Tract 41.02, Denver County, Colorado",4081,3547,1361,1499,59,37,3,588,534,479,51,33,28,2,306,28,5,0,19,0,0,2,5,0,0,52,23,0,1,2,1,0,13,0,12,0,0,0,0,0,0,0,0,0,0,0,3,3,0,0,0,0,0,0,0,0,0,0,0,0,0,0,0,0,0,0,0,0,0,0,0
1400000US08031004103,"Census Tract 41.03, Denver County, Colorado",5494,4925,3619,1010,29,107,6,154,569,522,84,45,104,1,236,21,8,0,14,0,0,8,0,1,0,46,6,12,0,8,0,0,16,0,1,1,0,2,0,0,0,0,0,0,0,0,1,1,0,0,0,0,0,0,0,0,0,0,0,0,0,0,0,0,0,0,0,0,0,0,0
1400000US08031004104,"Census Tract 41.04, Denver County, Colorado",4519,3912,2337,1185,27,79,0,284,607,559,67,56,51,2,305,46,14,0,15,0,0,1,0,2,0,44,11,12,1,7,4,0,0,0,6,0,0,3,0,0,0,0,0,0,0,0,4,1,0,3,0,0,0,0,0,0,0,0,0,0,0,0,0,0,0,0,0,0,0,0,0
1400000US08031004108,"Census Tract 41.08, Denver County, Colorado",7604,6697,5820,339,20,367,2,149,907,869,76,73,261,3,423,9,9,0,10,0,0,0,0,5,0,34,3,6,0,11,0,0,7,3,4,0,0,0,0,0,0,0,0,0,0,0,4,2,0,2,0,0,0,0,0,0,0,0,0,0,0,0,0,0,0,0,0,0,0,0,0
1400000US08031004109,"Census Tract 41.09, Denver County, Colorado",3284,2829,2277,149,11,282,3,107,455,424,41,43,123,0,194,0,7,0,7,0,0,8,1,0,0,23,3,7,0,4,0,0,4,0,5,0,0,0,0,0,0,0,0,0,0,0,8,3,0,4,0,0,0,0,0,0,1,0,0,0,0,0,0,0,0,0,0,0,0,0,0
1400000US08031004110,"Census Tract 41.10, Denver County, Colorado",5541,5104,3718,598,95,181,0,512,437,406,45,37,108,1,186,9,5,2,0,0,0,1,12,0,0,28,10,3,0,4,0,0,10,1,0,0,0,0,0,0,0,0,0,0,0,0,3,1,0,2,0,0,0,0,0,0,0,0,0,0,0,0,0,0,0,0,0,0,0,0,0
1400000US08031004111,"Census Tract 41.11, Denver County, Colorado",6848,6041,4687,462,50,556,8,278,807,739,109,80,160,9,345,8,14,1,6,1,0,0,0,3,3,61,18,4,0,6,3,0,15,7,7,0,1,0,0,0,0,0,0,0,0,0,7,0,2,4,0,1,0,0,0,0,0,0,0,0,0,0,0,0,0,0,0,0,0,0,0
1400000US08031004112,"Census Tract 41.12, Denver County, Colorado",6127,5485,4426,493,31,298,3,234,642,594,75,63,122,5,300,6,9,1,4,0,0,5,1,3,0,48,12,9,0,7,0,0,13,3,4,0,0,0,0,0,0,0,0,0,0,0,0,0,0,0,0,0,0,0,0,0,0,0,0,0,0,0,0,0,0,0,0,0,0,0,0
1400000US08031004113,"Census Tract 41.13, Denver County, Colorado",1756,1569,1352,68,11,92,0,46,187,170,18,10,46,0,89,1,0,0,0,0,0,1,5,0,0,17,0,3,0,6,0,0,2,0,3,0,0,0,3,0,0,0,0,0,0,0,0,0,0,0,0,0,0,0,0,0,0,0,0,0,0,0,0,0,0,0,0,0,0,0,0
1400000US08031004201,"Census Tract 42.01, Denver County, Colorado",4906,4476,4086,165,20,136,2,67,430,398,32,65,88,1,200,1,0,3,3,1,0,3,0,1,0,30,9,2,0,5,0,0,8,1,2,0,2,0,1,0,0,0,0,0,0,0,2,0,0,0,0,0,0,0,2,0,0,0,0,0,0,0,0,0,0,0,0,0,0,0,0
1400000US08031004202,"Census Tract 42.02, Denver County, Colorado",4467,4031,3338,407,44,105,3,134,436,409,54,45,57,0,218,8,7,1,4,6,0,6,3,0,0,24,0,2,0,5,1,3,5,6,0,0,2,0,0,0,0,0,0,0,0,0,3,0,0,3,0,0,0,0,0,0,0,0,0,0,0,0,0,0,0,0,0,0,0,0,0
1400000US08031004302,"Census Tract 43.02, Denver County, Colorado",2699,2460,2234,83,3,63,0,77,239,223,10,42,39,2,119,1,2,0,3,0,0,4,0,1,0,14,0,4,2,0,1,0,4,0,3,0,0,0,0,0,0,0,0,0,0,0,1,0,0,0,0,1,0,0,0,0,0,0,0,0,0,0,1,0,1,0,0,0,0,0,0
1400000US08031004303,"Census Tract 43.03, Denver County, Colorado",4341,3983,3784,35,7,107,1,49,358,335,14,21,114,3,174,1,0,0,5,1,0,1,0,1,0,20,0,0,0,6,2,0,6,0,3,3,0,0,0,0,0,0,0,0,0,0,3,3,0,0,0,0,0,0,0,0,0,0,0,0,0,0,0,0,0,0,0,0,0,0,0
1400000US08031004306,"Census Tract 43.06, Denver County, Colorado",6092,5463,4566,469,37,158,6,227,629,597,76,49,111,2,333,0,3,2,8,0,1,9,2,0,1,32,7,5,1,5,0,0,10,3,0,0,0,0,0,1,0,0,0,0,0,0,0,0,0,0,0,0,0,0,0,0,0,0,0,0,0,0,0,0,0,0,0,0,0,0,0
1400000US08031004307,"Census Tract 43.07, Denver County, Colorado",1988,1757,1467,133,30,46,0,81,231,205,27,23,37,1,96,8,5,0,2,0,0,4,0,2,0,20,11,0,0,4,2,0,3,0,0,0,0,0,0,0,0,0,0,0,0,0,6,0,0,3,0,0,2,0,1,0,0,0,0,0,0,0,0,0,0,0,0,0,0,0,0
1400000US08031004308,"Census Tract 43.08, Denver County, Colorado",4132,3699,3094,245,38,158,0,164,433,389,50,42,53,3,206,10,6,0,7,1,0,3,2,6,0,40,10,7,0,6,4,0,9,0,2,0,0,0,1,0,0,0,0,1,0,0,4,3,0,1,0,0,0,0,0,0,0,0,0,0,0,0,0,0,0,0,0,0,0,0,0
1400000US08031004309,"Census Tract 43.09, Denver County, Colorado",3633,3275,2892,197,23,87,2,74,358,339,47,43,60,0,172,2,2,1,7,0,0,3,0,2,0,19,3,0,1,1,0,0,9,4,0,0,0,0,0,0,1,0,0,0,0,0,0,0,0,0,0,0,0,0,0,0,0,0,0,0,0,0,0,0,0,0,0,0,0,0,0
1400000US08031004310,"Census Tract 43.10, Denver County, Colorado",2347,2136,1869,103,14,75,1,74,211,201,17,33,35,0,96,10,2,0,2,0,2,4,0,0,0,10,0,0,0,2,0,0,5,0,0,0,0,2,1,0,0,0,0,0,0,0,0,0,0,0,0,0,0,0,0,0,0,0,0,0,0,0,0,0,0,0,0,0,0,0,0
1400000US08031004403,"Census Tract 44.03, Denver County, Colorado",4274,3579,2210,629,84,77,7,572,695,648,63,58,41,1,417,27,8,1,10,3,0,17,0,0,2,43,18,5,1,0,1,0,16,0,0,0,0,1,0,1,0,0,0,0,0,0,4,0,0,0,0,0,0,0,4,0,0,0,0,0,0,0,0,0,0,0,0,0,0,0,0
1400000US08031004404,"Census Tract 44.04, Denver County, Colorado",5887,5061,2021,1608,91,809,5,527,826,780,91,61,37,2,498,22,4,3,34,5,0,12,11,0,0,39,23,0,0,0,3,1,6,1,5,0,0,0,0,0,0,0,0,0,0,0,7,0,0,4,0,0,2,0,1,0,0,0,0,0,0,0,0,0,0,0,0,0,0,0,0
1400000US08031004406,"Census Tract 44.06, Denver County, Colorado",3965,3547,2826,390,32,164,0,135,418,377,36,26,73,1,211,10,10,0,9,0,0,0,0,1,0,38,10,10,0,9,0,0,7,0,1,0,0,0,0,0,0,0,0,1,0,0,2,0,0,1,0,0,0,1,0,0,0,0,0,0,0,0,0,0,0,0,0,0,0,1,1
1400000US08031004407,"Census Tract 44.07, Denver County, Colorado",4941,4346,3199,649,43,207,12,236,595,548,70,41,79,3,308,16,6,4,5,2,0,11,0,0,3,40,14,3,0,3,0,0,15,2,3,0,0,0,0,0,0,0,0,0,0,0,7,1,0,5,0,0,0,0,0,0,1,0,0,0,0,0,0,0,0,0,0,0,0,0,0
1400000US08031004503,"Census Tract 45.03, Denver County, Colorado",4303,3054,1210,156,174,106,9,1399,1249,1221,15,43,24,2,1102,12,0,0,7,2,0,9,3,2,0,26,7,0,1,0,3,0,13,0,0,0,0,0,0,0,0,1,1,0,0,0,2,1,0,1,0,0,0,0,0,0,0,0,0,0,0,0,0,0,0,0,0,0,0,0,0
1400000US08031004504,"Census Tract 45.04, Denver County, Colorado",3881,2606,1180,57,169,87,2,1111,1275,1255,33,20,14,3,1151,0,3,0,1,0,0,26,0,4,0,20,7,0,1,3,0,0,3,2,1,0,0,0,3,0,0,0,0,0,0,0,0,0,0,0,0,0,0,0,0,0,0,0,0,0,0,0,0,0,0,0,0,0,0,0,0
1400000US08031004505,"Census Tract 45.05, Denver County, Colorado",4549,3336,1250,184,122,135,16,1629,1213,1142,21,42,17,2,996,15,4,0,19,0,0,24,0,2,0,69,4,1,0,16,4,0,41,0,3,0,0,0,0,0,0,0,0,0,0,0,0,0,0,0,0,0,0,0,0,0,0,0,0,0,0,0,2,0,0,0,0,2,0,0,0
1400000US08031004506,"Census Tract 45.06, Denver County, Colorado",3610,2802,1126,283,126,264,1,1002,808,777,28,38,15,1,664,8,0,0,7,1,0,13,0,1,1,30,5,0,0,1,0,0,21,2,0,0,0,0,0,0,0,0,0,1,0,0,1,0,0,0,0,0,0,0,0,0,1,0,0,0,0,0,0,0,0,0,0,0,0,0,0
1400000US08031004601,"Census Tract 46.01, Denver County, Colorado",5666,4389,2481,95,220,179,2,1412,1277,1221,32,125,26,0,988,5,0,0,9,0,0,34,0,0,2,44,6,1,0,7,0,0,28,0,1,0,0,0,1,0,0,0,0,0,0,0,12,3,0,8,0,0,0,0,0,0,1,0,0,0,0,0,0,0,0,0,0,0,0,0,0
1400000US08031004602,"Census Tract 46.02, Denver County, Colorado",6688,5334,2358,184,290,369,5,2128,1354,1292,21,99,21,3,1088,7,7,0,12,1,0,28,0,5,0,59,1,1,1,2,1,0,49,2,1,0,0,0,1,0,0,0,0,0,0,0,3,2,0,1,0,0,0,0,0,0,0,0,0,0,0,0,0,0,0,0,0,0,0,0,0
1400000US08031004603,"Census Tract 46.03, Denver County, Colorado",5324,4228,2560,65,156,235,2,1210,1096,1048,37,82,40,3,818,10,0,0,2,0,0,38,5,13,0,43,2,1,0,0,1,0,37,0,0,0,0,1,0,0,0,0,0,1,0,0,1,0,0,1,0,0,0,0,0,0,0,0,0,0,0,0,4,4,0,0,0,0,0,0,0
1400000US08031004700,"Census Tract 47, Denver County, Colorado",6172,4652,2804,116,160,281,5,1286,1520,1446,20,90,44,1,1256,2,5,0,6,1,0,19,0,2,0,67,7,2,0,5,1,0,46,0,2,0,0,0,4,0,0,0,0,0,0,0,7,0,0,5,0,0,0,0,0,0,0,0,0,0,0,2,0,0,0,0,0,0,0,0,0
1400000US08031004801,"Census Tract 48.01, Denver County, Colorado",3077,2466,1710,38,62,141,3,512,611,576,31,52,24,2,443,2,2,1,12,0,0,5,0,0,2,31,2,6,0,3,5,0,12,0,2,0,0,0,1,0,0,0,0,0,0,0,4,2,0,0,0,2,0,0,0,0,0,0,0,0,0,0,0,0,0,0,0,0,0,0,0
1400000US08031005001,"Census Tract 50.01, Denver County, Colorado",2869,2517,1919,359,22,88,2,127,352,330,41,46,36,3,173,4,3,0,17,0,0,4,0,3,0,19,5,0,0,4,0,0,8,2,0,0,0,0,0,0,0,0,0,0,0,0,1,0,0,1,0,0,0,0,0,0,0,0,0,0,0,0,2,1,1,0,0,0,0,0,0
1400000US08031005003,"Census Tract 50.03, Denver County, Colorado",2744,2475,1702,474,46,84,4,165,269,243,38,37,35,0,102,3,0,0,16,3,0,5,3,1,0,24,1,2,0,0,5,0,15,0,0,0,0,0,0,0,0,1,0,0,0,0,2,0,0,2,0,0,0,0,0,0,0,0,0,0,0,0,0,0,0,0,0,0,0,0,0
1400000US08031005004,"Census Tract 50.04, Denver County, Colorado",4687,4155,2619,984,55,223,5,269,532,495,83,49,63,6,254,12,5,0,9,0,0,11,1,1,1,33,9,3,0,4,0,0,11,0,4,0,0,0,2,0,0,0,0,0,0,0,3,2,0,0,1,0,0,0,0,0,0,0,0,0,0,0,1,1,0,0,0,0,0,0,0
1400000US08031005102,"Census Tract 51.02, Denver County, Colorado",3506,3105,2715,102,17,91,0,180,401,377,35,42,71,4,221,2,0,0,0,0,0,1,1,0,0,24,10,0,1,3,4,0,4,2,0,0,0,0,0,0,0,0,0,0,0,0,0,0,0,0,0,0,0,0,0,0,0,0,0,0,0,0,0,0,0,0,0,0,0,0,0
1400000US08031005104,"Census Tract 51.04, Denver County, Colorado",3470,3049,2196,378,69,193,4,209,421,388,56,40,41,3,206,11,8,2,3,0,0,9,4,1,4,31,4,0,0,3,0,0,17,1,4,0,0,0,0,0,2,0,0,0,0,0,2,0,0,0,0,1,0,0,0,0,1,0,0,0,0,0,0,0,0,0,0,0,0,0,0
1400000US08031005200,"Census Tract 52, Denver County, Colorado",3338,2946,2564,157,12,104,4,105,392,377,28,54,59,6,209,5,1,0,8,2,0,5,0,0,0,13,2,2,0,5,2,0,0,0,0,0,2,0,0,0,0,0,0,0,0,0,2,0,0,2,0,0,0,0,0,0,0,0,0,0,0,0,0,0,0,0,0,0,0,0,0
1400000US08031005300,"Census Tract 53, Denver County, Colorado",1859,1662,1411,91,20,90,1,49,197,186,16,14,24,0,117,6,4,0,3,0,0,0,1,0,1,11,1,0,0,2,0,0,8,0,0,0,0,0,0,0,0,0,0,0,0,0,0,0,0,0,0,0,0,0,0,0,0,0,0,0,0,0,0,0,0,0,0,0,0,0,0
1400000US08031005502,"Census Tract 55.02, Denver County, Colorado",1868,1538,1103,92,13,161,1,168,330,314,18,16,9,0,255,1,0,0,8,2,0,4,1,0,0,13,2,0,1,3,0,0,4,0,3,0,0,0,0,0,0,0,0,0,0,0,2,0,2,0,0,0,0,0,0,0,0,0,0,0,0,0,1,0,0,1,0,0,0,0,0
1400000US08031005503,"Census Tract 55.03, Denver County, Colorado",5071,4252,3349,138,85,233,5,442,819,765,51,96,29,8,542,4,2,0,13,1,0,10,4,3,2,53,2,4,0,5,1,0,32,0,5,0,1,0,3,0,0,0,0,0,0,0,1,0,0,1,0,0,0,0,0,0,0,0,0,0,0,0,0,0,0,0,0,0,0,0,0
1400000US08031006701,"Census Tract 67.01, Denver County, Colorado",4282,3827,3217,166,23,301,6,114,455,418,46,60,73,2,215,0,5,1,2,0,1,10,0,3,0,33,4,0,0,1,2,1,9,8,4,0,3,0,1,0,0,0,0,0,0,0,4,1,0,3,0,0,0,0,0,0,0,0,0,0,0,0,0,0,0,0,0,0,0,0,0
1400000US08031006804,"Census Tract 68.04, Denver County, Colorado",3776,3487,2946,185,21,221,1,113,289,264,22,29,33,6,161,6,1,0,4,1,0,1,0,0,0,23,3,0,0,4,2,1,6,0,7,0,0,0,0,0,0,0,0,0,0,0,2,0,0,2,0,0,0,0,0,0,0,0,0,0,0,0,0,0,0,0,0,0,0,0,0
1400000US08031006810,"Census Tract 68.10, Denver County, Colorado",5928,5215,3572,970,45,303,3,322,713,662,107,47,88,4,372,15,5,0,13,4,0,4,0,2,1,46,8,9,0,12,2,0,4,5,5,0,0,1,0,0,0,0,0,0,0,0,3,0,0,0,0,0,0,3,0,0,0,0,0,0,0,0,2,0,2,0,0,0,0,0,0
1400000US08031006812,"Census Tract 68.12, Denver County, Colorado",3932,3542,3073,151,17,168,7,126,390,351,44,42,52,5,197,4,5,0,2,0,0,0,0,0,0,35,11,3,0,3,2,0,13,0,1,0,0,0,0,0,0,0,0,0,0,2,4,1,0,0,1,0,0,1,0,0,1,0,0,0,0,0,0,0,0,0,0,0,0,0,0
1400000US08031006813,"Census Tract 68.13, Denver County, Colorado",4550,4031,2377,1119,66,189,5,275,519,459,100,67,46,0,194,14,10,0,17,1,0,4,5,1,0,44,12,3,0,9,0,1,10,6,1,0,0,0,1,0,0,0,0,1,0,0,16,0,0,15,0,1,0,0,0,0,0,0,0,0,0,0,0,0,0,0,0,0,0,0,0
1400000US08031006814,"Census Tract 68.14, Denver County, Colorado",5409,4620,2915,674,64,175,23,769,789,742,57,59,60,1,531,8,0,0,16,0,0,2,5,1,2,44,8,1,0,6,1,0,17,1,8,0,1,0,0,0,0,0,0,0,0,1,3,0,0,3,0,0,0,0,0,0,0,0,0,0,0,0,0,0,0,0,0,0,0,0,0
1400000US08031006815,"Census Tract 68.15, Denver County, Colorado",2017,1830,1614,83,9,70,5,49,187,167,15,16,29,0,97,3,0,0,5,0,0,0,0,0,2,15,3,1,1,1,1,0,3,3,0,0,0,0,2,0,0,0,0,0,0,0,5,1,1,3,0,0,0,0,0,0,0,0,0,0,0,0,0,0,0,0,0,0,0,0,0
1400000US08031006816,"Census Tract 68.16, Denver County, Colorado",5511,4937,3876,548,59,186,3,265,574,524,54,71,76,2,285,8,1,0,12,0,0,5,3,6,1,44,5,4,1,6,5,1,9,3,3,3,3,0,1,0,0,0,0,0,0,0,6,3,0,3,0,0,0,0,0,0,0,0,0,0,0,0,0,0,0,0,0,0,0,0,0
1400000US08031006817,"Census Tract 68.17, Denver County, Colorado",2048,1868,1554,144,11,84,1,74,180,167,19,13,28,1,99,1,1,0,1,0,0,4,0,0,0,8,1,0,0,0,1,0,3,0,0,0,2,0,0,1,0,0,0,0,0,0,5,0,0,5,0,0,0,0,0,0,0,0,0,0,0,0,0,0,0,0,0,0,0,0,0
1400000US08031006818,"Census Tract 68.18, Denver County, Colorado",4221,3767,2774,426,31,225,11,300,454,410,42,44,40,0,254,6,2,0,10,1,0,6,5,0,0,39,8,5,1,5,5,0,8,2,0,0,1,0,4,0,0,0,0,0,0,0,4,1,0,3,0,0,0,0,0,0,0,0,0,0,0,0,1,0,1,0,0,0,0,0,0
1400000US08031006902,"Census Tract 69.02, Denver County, Colorado",3638,3174,2109,515,59,125,7,359,464,441,62,51,39,12,229,8,4,0,20,0,0,10,1,5,0,22,2,4,0,0,0,0,8,3,4,0,0,0,0,0,0,0,0,1,0,0,1,0,0,0,0,0,0,0,0,0,1,0,0,0,0,0,0,0,0,0,0,0,0,0,0
1400000US08031006903,"Census Tract 69.03, Denver County, Colorado",2475,2221,1619,280,17,92,1,212,254,237,31,25,34,1,130,4,0,0,5,0,0,7,0,0,0,11,3,0,0,4,1,0,1,0,2,0,0,0,0,0,0,0,0,0,0,0,6,0,0,3,3,0,0,0,0,0,0,0,0,0,0,0,0,0,0,0,0,0,0,0,0
1400000US08031007006,"Census Tract 70.06, Denver County, Colorado",4431,3737,1435,888,59,587,50,718,694,656,81,54,77,3,388,17,2,4,9,5,0,7,7,2,0,36,6,4,0,3,1,0,3,9,4,0,0,0,4,0,0,0,0,0,0,2,2,0,0,1,0,0,0,0,0,0,1,0,0,0,0,0,0,0,0,0,0,0,0,0,0
1400000US08031007013,"Census Tract 70.13, Denver County, Colorado",3730,3296,2600,345,28,186,0,137,434,376,50,34,35,2,219,7,7,0,14,0,0,2,4,2,0,55,12,12,0,12,1,0,10,5,0,0,0,1,1,0,0,0,0,0,0,1,3,0,0,3,0,0,0,0,0,0,0,0,0,0,0,0,0,0,0,0,0,0,0,0,0
1400000US08031007037,"Census Tract 70.37, Denver County, Colorado",4128,3650,1399,1209,60,185,10,787,478,439,34,37,30,0,295,13,5,0,8,2,0,13,0,1,1,33,2,7,1,5,1,0,7,2,4,0,0,0,4,0,0,0,0,0,0,0,6,4,0,0,0,0,0,1,0,0,0,0,0,0,0,1,0,0,0,0,0,0,0,0,0
1400000US08031007088,"Census Tract 70.88, Denver County, Colorado",4921,4217,2663,833,47,212,5,457,704,638,94,72,73,5,356,17,0,0,8,3,1,2,2,5,0,57,19,7,4,2,5,0,12,2,5,0,0,0,0,0,1,0,0,0,0,0,6,2,4,0,0,0,0,0,0,0,0,0,0,0,0,0,3,0,3,0,0,0,0,0,0
1400000US08031007090,"Census Tract 70.90, Denver County, Colorado",1542,1400,654,640,14,50,1,41,142,129,19,21,13,1,56,2,1,1,12,1,0,1,0,1,0,13,8,0,0,0,1,0,2,2,0,0,0,0,0,0,0,0,0,0,0,0,0,0,0,0,0,0,0,0,0,0,0,0,0,0,0,0,0,0,0,0,0,0,0,0,0
1400000US08031007091,"Census Tract 70.91, Denver County, Colorado",3497,3333,2860,355,16,56,0,46,164,158,20,23,6,0,95,5,3,0,2,0,0,2,0,2,0,4,1,0,0,0,2,0,0,0,0,0,0,1,0,0,0,0,0,0,0,0,2,0,0,0,0,0,0,0,1,0,0,0,0,0,0,1,0,0,0,0,0,0,0,0,0
1400000US08031008304,"Census Tract 83.04, Denver County, Colorado",3846,3055,784,810,88,44,12,1317,791,756,58,17,7,2,627,9,2,2,18,0,0,14,0,0,0,28,10,7,1,3,0,2,3,0,2,0,0,0,0,0,0,0,0,0,0,0,7,5,0,0,0,0,0,1,1,0,0,0,0,0,0,0,0,0,0,0,0,0,0,0,0
1400000US08031008305,"Census Tract 83.05, Denver County, Colorado",4253,3506,946,621,85,41,41,1772,747,721,40,24,13,10,573,10,7,2,20,0,0,17,2,2,1,23,10,0,1,1,2,0,3,0,3,0,0,0,3,0,0,0,0,0,0,0,3,2,0,1,0,0,0,0,0,0,0,0,0,0,0,0,0,0,0,0,0,0,0,0,0
1400000US08031008306,"Census Tract 83.06, Denver County, Colorado",6005,4910,1057,1545,81,111,147,1969,1095,1039,97,16,15,2,801,48,5,0,24,1,0,21,1,5,3,52,11,4,1,2,3,3,17,0,8,0,0,0,3,0,0,0,0,0,0,0,4,0,0,3,0,1,0,0,0,0,0,0,0,0,0,0,0,0,0,0,0,0,0,0,0
1400000US08031008312,"Census Tract 83.12, Denver County, Colorado",8133,6544,1332,2076,166,209,135,2626,1589,1521,73,31,21,2,1249,37,12,0,59,7,0,29,0,1,0,53,19,5,1,6,1,0,14,0,7,0,0,0,0,0,0,0,0,0,0,0,15,3,0,12,0,0,0,0,0,0,0,0,0,0,0,0,0,0,0,0,0,0,0,0,0
1400000US08031008386,"Census Tract 83.86, Denver County, Colorado",4664,3693,976,854,101,94,4,1664,971,951,41,23,11,0,815,14,11,6,19,0,0,8,0,3,0,19,7,0,2,0,0,0,8,0,1,0,1,0,0,0,0,0,0,0,0,0,0,0,0,0,0,0,0,0,0,0,0,0,0,0,0,0,1,1,0,0,0,0,0,0,0
1400000US08031008387,"Census Tract 83.87, Denver County, Colorado",6220,5066,1125,1274,122,172,17,2356,1154,1099,67,20,3,0,933,24,8,5,13,0,0,10,1,7,8,51,9,6,2,11,0,0,15,0,6,0,0,0,2,0,0,0,0,0,0,0,4,0,0,0,1,2,0,0,1,0,0,0,0,0,0,0,0,0,0,0,0,0,0,0,0
1400000US08031008388,"Census Tract 83.88, Denver County, Colorado",14773,12015,4565,2860,202,1064,298,3026,2758,2642,214,98,145,12,1983,42,44,3,52,4,0,20,9,15,1,112,14,13,2,18,4,0,38,6,6,0,1,0,8,0,2,0,0,0,0,0,4,0,0,4,0,0,0,0,0,0,0,0,0,0,0,0,0,0,0,0,0,0,0,0,0
1400000US08031008389,"Census Tract 83.89, Denver County, Colorado",13336,10919,3719,3626,182,1393,41,1958,2417,2298,201,90,121,9,1665,39,31,2,65,6,2,55,5,7,0,108,39,6,1,14,4,0,30,7,4,0,2,0,1,0,0,0,0,0,0,0,11,4,0,6,0,0,0,0,1,0,0,0,0,0,0,0,0,0,0,0,0,0,0,0,0
1400000US08031008390,"Census Tract 83.90, Denver County, Colorado",9000,7407,2059,2603,117,799,84,1745,1593,1488,159,50,77,7,1025,63,32,1,28,1,0,25,12,6,2,101,25,11,1,10,8,0,22,9,6,0,1,0,7,0,0,0,0,0,0,1,4,4,0,0,0,0,0,0,0,0,0,0,0,0,0,0,0,0,0,0,0,0,0,0,0
1400000US08031008391,"Census Tract 83.91, Denver County, Colorado",7855,6582,1828,2113,251,730,59,1601,1273,1188,95,63,42,3,831,44,20,0,46,2,4,28,2,5,3,71,13,8,0,8,4,0,24,1,8,0,0,1,3,0,0,0,1,0,0,0,14,7,0,6,0,0,0,0,1,0,0,0,0,0,0,0,0,0,0,0,0,0,0,0,0
1400000US08031011902,"Census Tract 119.02, Denver County, Colorado",6682,5388,3846,144,159,247,12,980,1294,1220,49,109,64,2,964,2,0,0,13,0,0,14,2,1,0,71,15,0,0,3,4,0,44,0,3,1,0,0,0,1,0,0,0,0,0,0,3,0,0,3,0,0,0,0,0,0,0,0,0,0,0,0,0,0,0,0,0,0,0,0,0
1400000US08031011903,"Census Tract 119.03, Denver County, Colorado",2304,1950,1491,37,68,117,0,237,354,337,20,22,10,2,272,1,2,1,3,0,0,4,0,0,0,17,5,1,0,1,1,0,6,2,1,0,0,0,0,0,0,0,0,0,0,0,0,0,0,0,0,0,0,0,0,0,0,0,0,0,0,0,0,0,0,0,0,0,0,0,0
1400000US08031012001,"Census Tract 120.01, Denver County, Colorado",2047,1786,1536,25,30,76,8,111,261,242,10,10,17,0,193,4,0,1,3,0,0,3,0,1,0,19,1,1,0,6,1,0,10,0,0,0,0,0,0,0,0,0,0,0,0,0,0,0,0,0,0,0,0,0,0,0,0,0,0,0,0,0,0,0,0,0,0,0,0,0,0
1400000US08031012010,"Census Tract 120.10, Denver County, Colorado",5121,4533,3905,95,33,365,6,129,588,540,30,57,47,4,380,4,0,0,5,0,0,11,0,2,0,46,4,5,0,0,0,0,26,1,9,0,0,0,1,0,0,0,0,0,0,0,2,0,0,1,0,0,0,0,0,0,1,0,0,0,0,0,0,0,0,0,0,0,0,0,0
1400000US08031012015,"Census Tract 120.15, Denver County, Colorado",4014,3492,2917,84,59,172,8,252,522,483,21,80,67,3,290,1,1,0,6,2,0,12,0,0,0,36,6,4,0,1,0,1,16,2,3,0,0,0,1,0,2,0,0,0,0,0,3,0,0,3,0,0,0,0,0,0,0,0,0,0,0,0,0,0,0,0,0,0,0,0,0
1400000US08031012016,"Census Tract 120.16, Denver County, Colorado",2659,2281,1970,34,18,112,4,143,378,356,34,45,42,0,220,2,8,0,4,1,0,0,0,0,0,20,0,0,0,5,0,0,14,1,0,0,0,0,0,0,0,0,0,0,0,0,2,0,1,1,0,0,0,0,0,0,0,0,0,0,0,0,0,0,0,0,0,0,0,0,0
1400000US08031015300,"Census Tract 153, Denver County, Colorado",3697,3232,2594,238,27,158,0,215,465,430,40,46,85,0,220,6,2,0,16,1,0,11,1,0,2,30,11,3,0,1,0,0,10,4,0,0,0,0,0,0,0,0,1,0,0,0,5,0,0,2,0,0,0,0,1,0,2,0,0,0,0,0,0,0,0,0,0,0,0,0,0
1400000US08031015400,"Census Tract 154, Denver County, Colorado",4487,3908,3213,93,81,121,6,394,579,539,33,52,75,0,359,2,1,0,8,2,0,7,0,0,0,38,0,2,0,8,0,0,18,4,6,0,0,0,0,0,0,0,0,0,0,0,2,0,0,1,0,0,0,0,0,0,1,0,0,0,0,0,0,0,0,0,0,0,0,0,0
1400000US08031015500,"Census Tract 155, Denver County, Colorado",3399,2965,2170,289,79,70,4,353,434,408,41,66,33,0,223,5,5,3,16,2,0,9,3,2,0,26,4,8,0,3,1,0,2,7,0,0,0,0,0,0,1,0,0,0,0,0,0,0,0,0,0,0,0,0,0,0,0,0,0,0,0,0,0,0,0,0,0,0,0,0,0
1400000US08031015600,"Census Tract 156, Denver County, Colorado",6618,5221,1959,359,205,519,14,2165,1397,1348,45,73,19,6,1151,6,0,0,15,2,0,22,0,5,4,47,0,2,1,8,0,0,33,0,0,0,0,0,3,0,0,0,0,0,0,0,2,0,0,0,0,0,0,0,1,0,1,0,0,0,0,0,0,0,0,0,0,0,0,0,0
1400000US08031015700,"Census Tract 157, Denver County, Colorado",5907,4730,2847,181,132,429,8,1133,1177,1135,39,91,28,1,923,10,0,0,25,1,0,13,4,0,0,40,2,3,0,6,2,0,17,0,8,0,1,0,0,0,0,0,1,0,0,0,2,0,0,2,0,0,0,0,0,0,0,0,0,0,0,0,0,0,0,0,0,0,0,0,0
1400000US08031015800,"Census Tract 158, Denver County, Colorado",2893,2441,899,1131,20,130,46,215,452,378,62,19,21,2,214,21,3,4,16,1,0,3,9,2,1,72,19,16,2,6,1,0,12,2,10,0,0,0,0,2,0,0,0,0,0,2,2,1,0,0,0,1,0,0,0,0,0,0,0,0,0,0,0,0,0,0,0,0,0,0,0
1400000US08031980001,"Census Tract 9800.01, Denver County, Colorado",0,0,0,0,0,0,0,0,0,0,0,0,0,0,0,0,0,0,0,0,0,0,0,0,0,0,0,0,0,0,0,0,0,0,0,0,0,0,0,0,0,0,0,0,0,0,0,0,0,0,0,0,0,0,0,0,0,0,0,0,0,0,0,0,0,0,0,0,0,0,0
1400000US08031980100,"Census Tract 9801, Denver County, Colorado",9,4,4,0,0,0,0,0,5,2,0,0,0,1,0,0,0,0,0,1,0,0,0,0,0,3,1,0,1,0,0,0,0,0,1,0,0,0,0,0,0,0,0,0,0,0,0,0,0,0,0,0,0,0,0,0,0,0,0,0,0,0,0,0,0,0,0,0,0,0,0
1400000US08031980200,"Census Tract 9802, Denver County, Colorado",252,221,192,4,0,15,0,10,31,27,0,6,4,0,13,1,0,0,0,1,0,2,0,0,0,3,1,0,0,0,0,0,1,0,0,0,1,0,0,0,0,0,0,0,0,0,1,0,0,0,0,0,1,0,0,0,0,0,0,0,0,0,0,0,0,0,0,0,0,0,0
